{
    "Boar 256.000000 1504.000000": 1,
    "Checkpoint 480.000000 384.000000": 480.0,
    "Checkpoint 576.000000 384.000000": 576.0,
    "Coin 426.424988 408.362976": 1,
    "Coin 448.424988 408.362976": 1,
    "Coin 463.819000 382.181000": 1,
    "Coin 478.787994 416.606018": 1,
    "Coin 491.091003 420.545013": 1,
    "Coin 494.606018 400.970001": 1,
    "Coin 500.787994 416.606018": 1,
    "Coin 511.152008 414.606018": 1,
    "Coin 523.151978 389.393982": 1,
    "Coin 533.151978 414.606018": 1,
    "Coin 537.515015 402.182007": 1,
    "Coin 545.151978 389.393982": 1,
    "Coin 566.727051 413.696991": 1,
    "Coin 578.970032 356.908997": 1,
    "Coin 590.059998 411.696991": 1,
    "Coin 598.788025 409.454987": 1,
    "Coin 623.212036 325.454987": 1,
    "CoinScore:": 17,
    "Monkey: 516.882996 839.130981": 1,
    "Monkey: 576.000000 1216.000000": 1,
    "PlayerScore:": 4075,
    "PlayerX": 572.3049926757813,
    "PlayerY": 352.60791015625
}
