{
    "Checkpoint 576.000000 320.000000": 576.0,
    "PlayerX": 556.7490844726563,
    "PlayerY": 308.6602478027344
}
