{
    "Boar 256.000000 1504.000000": 1,
    "Checkpoint 1728.000000 1376.000000": 1728.0,
    "Checkpoint 1729.000000 1393.500000": 1729.0,
    "Coin 523.151978 389.393982": 1,
    "Coin 533.151978 414.606018": 1,
    "Coin 537.515015 402.182007": 1,
    "Coin 704.000000 1376.000000": 1,
    "Coin 768.000000 1376.000000": 1,
    "Coin 832.000000 1376.000000": 1,
    "CoinScore:": 6,
    "PlayerScore:": 1350,
    "PlayerX": 1728.419921875,
    "PlayerY": 1369.9364013671875
}
