{
    "Coin 480.000000 1472.000000": 1,
    "Coin 765.000000 1393.000000": 1,
    "Coin 833.000000 1391.000000": 1,
    "CoinScore:": 3,
    "Health:": 60,
    "PlayerScore:": 675
}
