{
    "Checkpoint 512.000000 704.000000": 512.0,
    "Checkpoint 514.666992 948.364014": 514.6669921875,
    "Checkpoint 576.000000 960.000000": 576.0,
    "PlayerX": 520.5,
    "PlayerY": 937.125
}
