{
    "Boar 1120.000000 1504.000000": 1,
    "Checkpoint 988.000000 1109.669922": 1,
    "Coin 260.000000 1280.000000": 1,
    "Coin 480.000000 1472.000000": 1,
    "Coin 672.000000 1472.000000": 1,
    "CoinScore:": 3,
    "Health:": 70,
    "Monkey: 1041.330078 1196.000000": 1,
    "Monkey: 1184.000000 1376.000000": 1,
    "Monkey: 1312.000000 1376.000000": 1,
    "Monkey: 992.000000 1376.000000": 1,
    "PlayerScore:": 1125,
    "PlayerX": 996.4249267578125,
    "PlayerY": 1081.9364013671875
}
